Workbook

Sheet Résultats
A1: Tableau de Bord
A3: Auteurs :
A5: Mode d'emploi :
A6: 1. Saisissez une date de référence (D11)
A7: 2. La date doit être comprise entre la date de début d'étude et la date de fin de l'étude. | G7: Date | H7: Apprenti | I7: CDD | J7: CDI
C8: Début d'étude : | D8: 45536 | G8: 45536 | H8: {=SUM((Contrats[debut]<=Contratsactifsdébutdumois[[#This Row],[Date]])*(Contrats[fin_imputee]>=Contratsactifsdébutdumois[[#This Row],[Date]])*(Contrats[type]="apprenti"))} -> 0 | I8: {=SUM((Contrats[debut]<=Contratsactifsdébutdumois[[#This Row],[Date]])*(Contrats[fin_imputee]>=Contratsactifsdébutdumois[[#This Row],[Date]])*(Contrats[type]="cdd"))} -> 157 | J8: {=SUM((Contrats[debut]<=Contratsactifsdébutdumois[[#This Row],[Date]])*(Contrats[fin_imputee]>=Contratsactifsdébutdumois[[#This Row],[Date]])*(Contrats[type]="cdi"))} -> 881
C9: Fin d'étude : | D9: 45900 | G9: 45566 | H9: {=SUM((Contrats[debut]<=Contratsactifsdébutdumois[[#This Row],[Date]])*(Contrats[fin_imputee]>=Contratsactifsdébutdumois[[#This Row],[Date]])*(Contrats[type]="apprenti"))} -> 0 | I9: {=SUM((Contrats[debut]<=Contratsactifsdébutdumois[[#This Row],[Date]])*(Contrats[fin_imputee]>=Contratsactifsdébutdumois[[#This Row],[Date]])*(Contrats[type]="cdd"))} -> 157 | J9: {=SUM((Contrats[debut]<=Contratsactifsdébutdumois[[#This Row],[Date]])*(Contrats[fin_imputee]>=Contratsactifsdébutdumois[[#This Row],[Date]])*(Contrats[type]="cdi"))} -> 881
G10: 45597 | H10: {=SUM((Contrats[debut]<=Contratsactifsdébutdumois[[#This Row],[Date]])*(Contrats[fin_imputee]>=Contratsactifsdébutdumois[[#This Row],[Date]])*(Contrats[type]="apprenti"))} -> 0 | I10: {=SUM((Contrats[debut]<=Contratsactifsdébutdumois[[#This Row],[Date]])*(Contrats[fin_imputee]>=Contratsactifsdébutdumois[[#This Row],[Date]])*(Contrats[type]="cdd"))} -> 157 | J10: {=SUM((Contrats[debut]<=Contratsactifsdébutdumois[[#This Row],[Date]])*(Contrats[fin_imputee]>=Contratsactifsdébutdumois[[#This Row],[Date]])*(Contrats[type]="cdi"))} -> 881
C11: Date de référence : | D11: 45818 | G11: 45627 | H11: {=SUM((Contrats[debut]<=Contratsactifsdébutdumois[[#This Row],[Date]])*(Contrats[fin_imputee]>=Contratsactifsdébutdumois[[#This Row],[Date]])*(Contrats[type]="apprenti"))} -> 0 | I11: {=SUM((Contrats[debut]<=Contratsactifsdébutdumois[[#This Row],[Date]])*(Contrats[fin_imputee]>=Contratsactifsdébutdumois[[#This Row],[Date]])*(Contrats[type]="cdd"))} -> 157 | J11: {=SUM((Contrats[debut]<=Contratsactifsdébutdumois[[#This Row],[Date]])*(Contrats[fin_imputee]>=Contratsactifsdébutdumois[[#This Row],[Date]])*(Contrats[type]="cdi"))} -> 880
G12: 45658 | H12: {=SUM((Contrats[debut]<=Contratsactifsdébutdumois[[#This Row],[Date]])*(Contrats[fin_imputee]>=Contratsactifsdébutdumois[[#This Row],[Date]])*(Contrats[type]="apprenti"))} -> 0 | I12: {=SUM((Contrats[debut]<=Contratsactifsdébutdumois[[#This Row],[Date]])*(Contrats[fin_imputee]>=Contratsactifsdébutdumois[[#This Row],[Date]])*(Contrats[type]="cdd"))} -> 157 | J12: {=SUM((Contrats[debut]<=Contratsactifsdébutdumois[[#This Row],[Date]])*(Contrats[fin_imputee]>=Contratsactifsdébutdumois[[#This Row],[Date]])*(Contrats[type]="cdi"))} -> 880
G13: 45689 | H13: {=SUM((Contrats[debut]<=Contratsactifsdébutdumois[[#This Row],[Date]])*(Contrats[fin_imputee]>=Contratsactifsdébutdumois[[#This Row],[Date]])*(Contrats[type]="apprenti"))} -> 0 | I13: {=SUM((Contrats[debut]<=Contratsactifsdébutdumois[[#This Row],[Date]])*(Contrats[fin_imputee]>=Contratsactifsdébutdumois[[#This Row],[Date]])*(Contrats[type]="cdd"))} -> 157 | J13: {=SUM((Contrats[debut]<=Contratsactifsdébutdumois[[#This Row],[Date]])*(Contrats[fin_imputee]>=Contratsactifsdébutdumois[[#This Row],[Date]])*(Contrats[type]="cdi"))} -> 880
G14: 45717 | H14: {=SUM((Contrats[debut]<=Contratsactifsdébutdumois[[#This Row],[Date]])*(Contrats[fin_imputee]>=Contratsactifsdébutdumois[[#This Row],[Date]])*(Contrats[type]="apprenti"))} -> 0 | I14: {=SUM((Contrats[debut]<=Contratsactifsdébutdumois[[#This Row],[Date]])*(Contrats[fin_imputee]>=Contratsactifsdébutdumois[[#This Row],[Date]])*(Contrats[type]="cdd"))} -> 157 | J14: {=SUM((Contrats[debut]<=Contratsactifsdébutdumois[[#This Row],[Date]])*(Contrats[fin_imputee]>=Contratsactifsdébutdumois[[#This Row],[Date]])*(Contrats[type]="cdi"))} -> 880
G15: 45748 | H15: {=SUM((Contrats[debut]<=Contratsactifsdébutdumois[[#This Row],[Date]])*(Contrats[fin_imputee]>=Contratsactifsdébutdumois[[#This Row],[Date]])*(Contrats[type]="apprenti"))} -> 0 | I15: {=SUM((Contrats[debut]<=Contratsactifsdébutdumois[[#This Row],[Date]])*(Contrats[fin_imputee]>=Contratsactifsdébutdumois[[#This Row],[Date]])*(Contrats[type]="cdd"))} -> 157 | J15: {=SUM((Contrats[debut]<=Contratsactifsdébutdumois[[#This Row],[Date]])*(Contrats[fin_imputee]>=Contratsactifsdébutdumois[[#This Row],[Date]])*(Contrats[type]="cdi"))} -> 880
G16: 45778 | H16: {=SUM((Contrats[debut]<=Contratsactifsdébutdumois[[#This Row],[Date]])*(Contrats[fin_imputee]>=Contratsactifsdébutdumois[[#This Row],[Date]])*(Contrats[type]="apprenti"))} -> 0 | I16: {=SUM((Contrats[debut]<=Contratsactifsdébutdumois[[#This Row],[Date]])*(Contrats[fin_imputee]>=Contratsactifsdébutdumois[[#This Row],[Date]])*(Contrats[type]="cdd"))} -> 157 | J16: {=SUM((Contrats[debut]<=Contratsactifsdébutdumois[[#This Row],[Date]])*(Contrats[fin_imputee]>=Contratsactifsdébutdumois[[#This Row],[Date]])*(Contrats[type]="cdi"))} -> 880
G17: 45809 | H17: {=SUM((Contrats[debut]<=Contratsactifsdébutdumois[[#This Row],[Date]])*(Contrats[fin_imputee]>=Contratsactifsdébutdumois[[#This Row],[Date]])*(Contrats[type]="apprenti"))} -> 0 | I17: {=SUM((Contrats[debut]<=Contratsactifsdébutdumois[[#This Row],[Date]])*(Contrats[fin_imputee]>=Contratsactifsdébutdumois[[#This Row],[Date]])*(Contrats[type]="cdd"))} -> 157 | J17: {=SUM((Contrats[debut]<=Contratsactifsdébutdumois[[#This Row],[Date]])*(Contrats[fin_imputee]>=Contratsactifsdébutdumois[[#This Row],[Date]])*(Contrats[type]="cdi"))} -> 880
G18: 45839 | H18: {=SUM((Contrats[debut]<=Contratsactifsdébutdumois[[#This Row],[Date]])*(Contrats[fin_imputee]>=Contratsactifsdébutdumois[[#This Row],[Date]])*(Contrats[type]="apprenti"))} -> 0 | I18: {=SUM((Contrats[debut]<=Contratsactifsdébutdumois[[#This Row],[Date]])*(Contrats[fin_imputee]>=Contratsactifsdébutdumois[[#This Row],[Date]])*(Contrats[type]="cdd"))} -> 157 | J18: {=SUM((Contrats[debut]<=Contratsactifsdébutdumois[[#This Row],[Date]])*(Contrats[fin_imputee]>=Contratsactifsdébutdumois[[#This Row],[Date]])*(Contrats[type]="cdi"))} -> 880
G19: 45870 | H19: {=SUM((Contrats[debut]<=Contratsactifsdébutdumois[[#This Row],[Date]])*(Contrats[fin_imputee]>=Contratsactifsdébutdumois[[#This Row],[Date]])*(Contrats[type]="apprenti"))} -> 0 | I19: {=SUM((Contrats[debut]<=Contratsactifsdébutdumois[[#This Row],[Date]])*(Contrats[fin_imputee]>=Contratsactifsdébutdumois[[#This Row],[Date]])*(Contrats[type]="cdd"))} -> 157 | J19: {=SUM((Contrats[debut]<=Contratsactifsdébutdumois[[#This Row],[Date]])*(Contrats[fin_imputee]>=Contratsactifsdébutdumois[[#This Row],[Date]])*(Contrats[type]="cdi"))} -> 880

Sheet TCD
A3: Sum of actif_date_ref | B3: Column Labels
A4: Row Labels | B4: apprenti | C4: cdd | D4: cdi | E4: Grand Total
A5: Administratif | B5: 0 | C5: 17 | D5: 76 | E5: 93
A6: Administratif/médical | C6: 4 | D6: 17 | E6: 21
A7: Biomédical | B7: 0 | C7: 1 | D7: 11 | E7: 12
A8: Bloc opératoire | B8: 0 | C8: 18 | D8: 100 | E8: 118
A9: Direction | C9: 1 | D9: 5 | E9: 6
A10: Hygiène/Hôtellerie | B10: 0 | C10: 3 | D10: 14 | E10: 17
A11: Imagerie | B11: 0 | C11: 8 | D11: 26 | E11: 34
A12: Information médicale | C12: 3 | D12: 16 | E12: 19
A13: Juridique | B13: 0 | C13: 0 | D13: 2 | E13: 2
A14: Laboratoire | B14: 0 | C14: 5 | D14: 40 | E14: 45
A15: Logistique | B15: 0 | C15: 2 | D15: 19 | E15: 21
A16: Maïeutique | B16: 0 | C16: 0 | D16: 12 | E16: 12
A17: Médical | B17: 0 | C17: 27 | D17: 146 | E17: 173
A18: Pédiatrie/néonat | B18: 0 | C18: 0 | D18: 6 | E18: 6
A19: Pharmacie | B19: 0 | C19: 2 | D19: 39 | E19: 41
A20: Psycho-social | B20: 0 | C20: 1 | D20: 9 | E20: 10
A21: Qualité | B21: 0 | C21: 0 | D21: 7 | E21: 7
A22: Recherche | B22: 0 | C22: 0 | D22: 10 | E22: 10
A23: Rééducation | B23: 0 | C23: 4 | D23: 21 | E23: 25
A24: Sécurité | B24: 0 | C24: 2 | D24: 10 | E24: 12
A25: Soins infirmiers | B25: 0 | C25: 55 | D25: 280 | E25: 335
A26: Techniques/bâtiment | C26: 4 | D26: 14 | E26: 18
A27: Grand Total | B27: 0 | C27: 157 | D27: 880 | E27: 1037

Sheet contrats
D1: 45900
A2: id | B2: debut | C2: fin | D2: fin_imputee | E2: type | F2: id_pers | G2: id_emploi | H2: part_temps | I2: id_temps | J2: plage_type | K2: decompte_temps | L2: exempt_nuit | M2: exempt_astreinte | N2: exempt_bloc | O2: catégorie | P2: actif_date_ref
A3: 1 | B3: 37034 | C3: 37522 | D3: =IF(Contrats[[#This Row],[fin]]="",D$1, Contrats[[#This Row],[fin]]) -> 37522 | E3: cdi | F3: 1 | G3: 261 | H3: 0.8 | I3: 365 | J3: nuit | K3: heures | L3: 0 | M3: 1 | N3: 1 | O3: =VLOOKUP(Contrats[[#This Row],[id_emploi]],Emplois[#All],3,0) -> Soins infirmiers | P3: =IF(AND(Contrats[[#This Row],[debut]]<=Résultats!D$11,Contrats[[#This Row],[fin_imputee]]>=Résultats!D$11),1,0) -> 0
A4: 2 | B4: 37134 | C4: 37346 | D4: =IF(Contrats[[#This Row],[fin]]="",D$1, Contrats[[#This Row],[fin]]) -> 37346 | E4: cdi | F4: 2 | G4: 105 | H4: 1.0 | I4: 165 | J4: jour | K4: heures | L4: 1 | M4: 1 | N4: 1 | O4: =VLOOKUP(Contrats[[#This Row],[id_emploi]],Emplois[#All],3,0) -> Administratif | P4: =IF(AND(Contrats[[#This Row],[debut]]<=Résultats!D$11,Contrats[[#This Row],[fin_imputee]]>=Résultats!D$11),1,0) -> 0
A5: 3 | B5: 37404 | C5: 37618 | D5: =IF(Contrats[[#This Row],[fin]]="",D$1, Contrats[[#This Row],[fin]]) -> 37618 | E5: cdi | F5: 2 | G5: 105 | H5: 1.0 | I5: 165 | J5: jour | K5: heures | L5: 0 | M5: 1 | N5: 1 | O5: =VLOOKUP(Contrats[[#This Row],[id_emploi]],Emplois[#All],3,0) -> Administratif | P5: =IF(AND(Contrats[[#This Row],[debut]]<=Résultats!D$11,Contrats[[#This Row],[fin_imputee]]>=Résultats!D$11),1,0) -> 0
A6: 4 | B6: 40646 | C6: 40829 | D6: =IF(Contrats[[#This Row],[fin]]="",D$1, Contrats[[#This Row],[fin]]) -> 40829 | E6: cdd | F6: 3 | G6: 238 | H6: 0.8 | I6: 338 | J6: astreinte | K6: astreinte | L6: 0 | M6: 0 | N6: 1 | O6: =VLOOKUP(Contrats[[#This Row],[id_emploi]],Emplois[#All],3,0) -> Soins infirmiers | P6: =IF(AND(Contrats[[#This Row],[debut]]<=Résultats!D$11,Contrats[[#This Row],[fin_imputee]]>=Résultats!D$11),1,0) -> 0
A7: 5 | B7: 36552 | D7: =IF(Contrats[[#This Row],[fin]]="",D$1, Contrats[[#This Row],[fin]]) -> 45900 | E7: cdi | F7: 4 | G7: 216 | H7: 0.6 | I7: 309 | J7: forfait | K7: jours | L7: 0 | M7: 0 | N7: 1 | O7: =VLOOKUP(Contrats[[#This Row],[id_emploi]],Emplois[#All],3,0) -> Administratif | P7: =IF(AND(Contrats[[#This Row],[debut]]<=Résultats!D$11,Contrats[[#This Row],[fin_imputee]]>=Résultats!D$11),1,0) -> 1
A8: 6 | B8: 37516 | C8: 37911 | D8: =IF(Contrats[[#This Row],[fin]]="",D$1, Contrats[[#This Row],[fin]]) -> 37911 | E8: cdd | F8: 5 | G8: 51 | H8: 1.0 | I8: 101 | J8: nuit | K8: heures | L8: 0 | M8: 1 | N8: 1 | O8: =VLOOKUP(Contrats[[#This Row],[id_emploi]],Emplois[#All],3,0) -> Maïeutique | P8: =IF(AND(Contrats[[#This Row],[debut]]<=Résultats!D$11,Contrats[[#This Row],[fin_imputee]]>=Résultats!D$11),1,0) -> 0
A9: 7 | B9: 36593 | D9: =IF(Contrats[[#This Row],[fin]]="",D$1, Contrats[[#This Row],[fin]]) -> 45900 | E9: cdi | F9: 6 | G9: 286 | H9: 1.0 | I9: 402 | J9: jour | K9: heures | L9: 0 | M9: 1 | N9: 0 | O9: =VLOOKUP(Contrats[[#This Row],[id_emploi]],Emplois[#All],3,0) -> Administratif/médical | P9: =IF(AND(Contrats[[#This Row],[debut]]<=Résultats!D$11,Contrats[[#This Row],[fin_imputee]]>=Résultats!D$11),1,0) -> 1
A10: 8 | B10: 36686 | C10: 37204 | D10: =IF(Contrats[[#This Row],[fin]]="",D$1, Contrats[[#This Row],[fin]]) -> 37204 | E10: cdd | F10: 7 | G10: 221 | H10: 0.8 | I10: 318 | J10: nuit | K10: heures | L10: 0 | M10: 1 | N10: 0 | O10: =VLOOKUP(Contrats[[#This Row],[id_emploi]],Emplois[#All],3,0) -> Soins infirmiers | P10: =IF(AND(Contrats[[#This Row],[debut]]<=Résultats!D$11,Contrats[[#This Row],[fin_imputee]]>=Résultats!D$11),1,0) -> 0
A11: 9 | B11: 37317 | C11: 37927 | D11: =IF(Contrats[[#This Row],[fin]]="",D$1, Contrats[[#This Row],[fin]]) -> 37927 | E11: cdi | F11: 8 | G11: 216 | H11: 0.8 | I11: 309 | J11: forfait | K11: jours | L11: 0 | M11: 1 | N11: 1 | O11: =VLOOKUP(Contrats[[#This Row],[id_emploi]],Emplois[#All],3,0) -> Administratif | P11: =IF(AND(Contrats[[#This Row],[debut]]<=Résultats!D$11,Contrats[[#This Row],[fin_imputee]]>=Résultats!D$11),1,0) -> 0
A12: 10 | B12: 38729 | D12: =IF(Contrats[[#This Row],[fin]]="",D$1, Contrats[[#This Row],[fin]]) -> 45900 | E12: cdi | F12: 9 | G12: 191 | H12: 1.0 | I12: 266 | J12: jour | K12: heures | L12: 1 | M12: 1 | N12: 1 | O12: =VLOOKUP(Contrats[[#This Row],[id_emploi]],Emplois[#All],3,0) -> Médical | P12: =IF(AND(Contrats[[#This Row],[debut]]<=Résultats!D$11,Contrats[[#This Row],[fin_imputee]]>=Résultats!D$11),1,0) -> 1
A13: 11 | B13: 37175 | D13: =IF(Contrats[[#This Row],[fin]]="",D$1, Contrats[[#This Row],[fin]]) -> 45900 | E13: cdi | F13: 10 | G13: 31 | H13: 1.0 | I13: 67 | J13: jour | K13: heures | L13: 1 | M13: 0 | N13: 1 | O13: =VLOOKUP(Contrats[[#This Row],[id_emploi]],Emplois[#All],3,0) -> Médical | P13: =IF(AND(Contrats[[#This Row],[debut]]<=Résultats!D$11,Contrats[[#This Row],[fin_imputee]]>=Résultats!D$11),1,0) -> 1
A14: 12 | B14: 37521 | C14: 38190 | D14: =IF(Contrats[[#This Row],[fin]]="",D$1, Contrats[[#This Row],[fin]]) -> 38190 | E14: cdi | F14: 11 | G14: 205 | H14: 0.5 | I14: 295 | J14: nuit | K14: heures | L14: 0 | M14: 0 | N14: 1 | O14: =VLOOKUP(Contrats[[#This Row],[id_emploi]],Emplois[#All],3,0) -> Soins infirmiers | P14: =IF(AND(Contrats[[#This Row],[debut]]<=Résultats!D$11,Contrats[[#This Row],[fin_imputee]]>=Résultats!D$11),1,0) -> 0
A15: 13 | B15: 38228 | C15: 38836 | D15: =IF(Contrats[[#This Row],[fin]]="",D$1, Contrats[[#This Row],[fin]]) -> 38836 | E15: cdi | F15: 11 | G15: 224 | H15: 1.0 | I15: 322 | J15: nuit | K15: heures | L15: 0 | M15: 0 | N15: 1 | O15: =VLOOKUP(Contrats[[#This Row],[id_emploi]],Emplois[#All],3,0) -> Soins infirmiers | P15: =IF(AND(Contrats[[#This Row],[debut]]<=Résultats!D$11,Contrats[[#This Row],[fin_imputee]]>=Résultats!D$11),1,0) -> 0
A16: 14 | B16: 36653 | C16: 37079 | D16: =IF(Contrats[[#This Row],[fin]]="",D$1, Contrats[[#This Row],[fin]]) -> 37079 | E16: cdi | F16: 12 | G16: 297 | H16: 1.0 | I16: 414 | J16: forfait | K16: jours | L16: 0 | M16: 1 | N16: 1 | O16: =VLOOKUP(Contrats[[#This Row],[id_emploi]],Emplois[#All],3,0) -> Médical | P16: =IF(AND(Contrats[[#This Row],[debut]]<=Résultats!D$11,Contrats[[#This Row],[fin_imputee]]>=Résultats!D$11),1,0) -> 0
A17: 15 | B17: 37137 | C17: 37471 | D17: =IF(Contrats[[#This Row],[fin]]="",D$1, Contrats[[#This Row],[fin]]) -> 37471 | E17: cdd | F17: 12 | G17: 297 | H17: 1.0 | I17: 414 | J17: forfait | K17: jours | L17: 1 | M17: 1 | N17: 1 | O17: =VLOOKUP(Contrats[[#This Row],[id_emploi]],Emplois[#All],3,0) -> Médical | P17: =IF(AND(Contrats[[#This Row],[debut]]<=Résultats!D$11,Contrats[[#This Row],[fin_imputee]]>=Résultats!D$11),1,0) -> 0
A18: 16 | B18: 37500 | C18: 37956 | D18: =IF(Contrats[[#This Row],[fin]]="",D$1, Contrats[[#This Row],[fin]]) -> 37956 | E18: cdd | F18: 12 | G18: 297 | H18: 1.0 | I18: 414 | J18: forfait | K18: jours | L18: 0 | M18: 1 | N18: 1 | O18: =VLOOKUP(Contrats[[#This Row],[id_emploi]],Emplois[#All],3,0) -> Médical | P18: =IF(AND(Contrats[[#This Row],[debut]]<=Résultats!D$11,Contrats[[#This Row],[fin_imputee]]>=Résultats!D$11),1,0) -> 0
A19: 17 | B19: 38000 | C19: 38486 | D19: =IF(Contrats[[#This Row],[fin]]="",D$1, Contrats[[#This Row],[fin]]) -> 38486 | E19: cdi | F19: 12 | G19: 297 | H19: 0.5 | I19: 414 | J19: forfait | K19: jours | L19: 0 | M19: 1 | N19: 1 | O19: =VLOOKUP(Contrats[[#This Row],[id_emploi]],Emplois[#All],3,0) -> Médical | P19: =IF(AND(Contrats[[#This Row],[debut]]<=Résultats!D$11,Contrats[[#This Row],[fin_imputee]]>=Résultats!D$11),1,0) -> 0
A20: 18 | B20: 38532 | D20: =IF(Contrats[[#This Row],[fin]]="",D$1, Contrats[[#This Row],[fin]]) -> 45900 | E20: cdi | F20: 12 | G20: 297 | H20: 1.0 | I20: 414 | J20: forfait | K20: jours | L20: 0 | M20: 0 | N20: 1 | O20: =VLOOKUP(Contrats[[#This Row],[id_emploi]],Emplois[#All],3,0) -> Médical | P20: =IF(AND(Contrats[[#This Row],[debut]]<=Résultats!D$11,Contrats[[#This Row],[fin_imputee]]>=Résultats!D$11),1,0) -> 1
A21: 19 | B21: 37117 | C21: 37301 | D21: =IF(Contrats[[#This Row],[fin]]="",D$1, Contrats[[#This Row],[fin]]) -> 37301 | E21: cdi | F21: 13 | G21: 254 | H21: 0.5 | I21: 357 | J21: forfait | K21: jours | L21: 0 | M21: 1 | N21: 1 | O21: =VLOOKUP(Contrats[[#This Row],[id_emploi]],Emplois[#All],3,0) -> Pharmacie | P21: =IF(AND(Contrats[[#This Row],[debut]]<=Résultats!D$11,Contrats[[#This Row],[fin_imputee]]>=Résultats!D$11),1,0) -> 0
A22: 20 | B22: 37317 | C22: 37531 | D22: =IF(Contrats[[#This Row],[fin]]="",D$1, Contrats[[#This Row],[fin]]) -> 37531 | E22: apprenti | F22: 13 | G22: 254 | H22: 1.0 | I22: 357 | J22: forfait | K22: jours | L22: 0 | M22: 1 | N22: 1 | O22: =VLOOKUP(Contrats[[#This Row],[id_emploi]],Emplois[#All],3,0) -> Pharmacie | P22: =IF(AND(Contrats[[#This Row],[debut]]<=Résultats!D$11,Contrats[[#This Row],[fin_imputee]]>=Résultats!D$11),1,0) -> 0
A23: 21 | B23: 37564 | C23: 37929 | D23: =IF(Contrats[[#This Row],[fin]]="",D$1, Contrats[[#This Row],[fin]]) -> 37929 | E23: cdi | F23: 13 | G23: 254 | H23: 1.0 | I23: 357 | J23: forfait | K23: jours | L23: 0 | M23: 0 | N23: 1 | O23: =VLOOKUP(Contrats[[#This Row],[id_emploi]],Emplois[#All],3,0) -> Pharmacie | P23: =IF(AND(Contrats[[#This Row],[debut]]<=Résultats!D$11,Contrats[[#This Row],[fin_imputee]]>=Résultats!D$11),1,0) -> 0
A24: 22 | B24: 36664 | C24: 37274 | D24: =IF(Contrats[[#This Row],[fin]]="",D$1, Contrats[[#This Row],[fin]]) -> 37274 | E24: cdi | F24: 14 | G24: 196 | H24: 1.0 | I24: 277 | J24: jour | K24: heures | L24: 1 | M24: 0 | N24: 1 | O24: =VLOOKUP(Contrats[[#This Row],[id_emploi]],Emplois[#All],3,0) -> Médical | P24: =IF(AND(Contrats[[#This Row],[debut]]<=Résultats!D$11,Contrats[[#This Row],[fin_imputee]]>=Résultats!D$11),1,0) -> 0
A25: 23 | B25: 37296 | C25: 37689 | D25: =IF(Contrats[[#This Row],[fin]]="",D$1, Contrats[[#This Row],[fin]]) -> 37689 | E25: cdi | F25: 14 | G25: 196 | H25: 0.5 | I25: 277 | J25: jour | K25: heures | L25: 0 | M25: 1 | N25: 1 | O25: =VLOOKUP(Contrats[[#This Row],[id_emploi]],Emplois[#All],3,0) -> Médical | P25: =IF(AND(Contrats[[#This Row],[debut]]<=Résultats!D$11,Contrats[[#This Row],[fin_imputee]]>=Résultats!D$11),1,0) -> 0
A26: 24 | B26: 37030 | C26: 37609 | D26: =IF(Contrats[[#This Row],[fin]]="",D$1, Contrats[[#This Row],[fin]]) -> 37609 | E26: cdi | F26: 15 | G26: 16 | H26: 0.8 | I26: 40 | J26: jour | K26: heures | L26: 0 | M26: 0 | N26: 1 | O26: =VLOOKUP(Contrats[[#This Row],[id_emploi]],Emplois[#All],3,0) -> Médical | P26: =IF(AND(Contrats[[#This Row],[debut]]<=Résultats!D$11,Contrats[[#This Row],[fin_imputee]]>=Résultats!D$11),1,0) -> 0
A27: 25 | B27: 37416 | D27: =IF(Contrats[[#This Row],[fin]]="",D$1, Contrats[[#This Row],[fin]]) -> 45900 | E27: cdi | F27: 16 | G27: 49 | H27: 1.0 | I27: 99 | J27: nuit | K27: heures | L27: 0 | M27: 1 | N27: 1 | O27: =VLOOKUP(Contrats[[#This Row],[id_emploi]],Emplois[#All],3,0) -> Soins infirmiers | P27: =IF(AND(Contrats[[#This Row],[debut]]<=Résultats!D$11,Contrats[[#This Row],[fin_imputee]]>=Résultats!D$11),1,0) -> 1
A28: 26 | B28: 36561 | C28: 37077 | D28: =IF(Contrats[[#This Row],[fin]]="",D$1, Contrats[[#This Row],[fin]]) -> 37077 | E28: cdi | F28: 17 | G28: 263 | H28: 1.0 | I28: 371 | J28: astreinte | K28: astreinte | L28: 0 | M28: 0 | N28: 0 | O28: =VLOOKUP(Contrats[[#This Row],[id_emploi]],Emplois[#All],3,0) -> Bloc opératoire | P28: =IF(AND(Contrats[[#This Row],[debut]]<=Résultats!D$11,Contrats[[#This Row],[fin_imputee]]>=Résultats!D$11),1,0) -> 0
A29: 27 | B29: 36947 | C29: 37097 | D29: =IF(Contrats[[#This Row],[fin]]="",D$1, Contrats[[#This Row],[fin]]) -> 37097 | E29: cdd | F29: 18 | G29: 256 | H29: 1.0 | I29: 359 | J29: jour | K29: heures | L29: 0 | M29: 1 | N29: 1 | O29: =VLOOKUP(Contrats[[#This Row],[id_emploi]],Emplois[#All],3,0) -> Soins infirmiers | P29: =IF(AND(Contrats[[#This Row],[debut]]<=Résultats!D$11,Contrats[[#This Row],[fin_imputee]]>=Résultats!D$11),1,0) -> 0
A30: 28 | B30: 37147 | C30: 37754 | D30: =IF(Contrats[[#This Row],[fin]]="",D$1, Contrats[[#This Row],[fin]]) -> 37754 | E30: cdi | F30: 18 | G30: 256 | H30: 1.0 | I30: 359 | J30: jour | K30: heures | L30: 0 | M30: 1 | N30: 1 | O30: =VLOOKUP(Contrats[[#This Row],[id_emploi]],Emplois[#All],3,0) -> Soins infirmiers | P30: =IF(AND(Contrats[[#This Row],[debut]]<=Résultats!D$11,Contrats[[#This Row],[fin_imputee]]>=Résultats!D$11),1,0) -> 0
A31: 29 | B31: 36948 | D31: =IF(Contrats[[#This Row],[fin]]="",D$1, Contrats[[#This Row],[fin]]) -> 45900 | E31: cdi | F31: 19 | G31: 260 | H31: 1.0 | I31: 364 | J31: nuit | K31: heures | L31: 1 | M31: 0 | N31: 1 | O31: =VLOOKUP(Contrats[[#This Row],[id_emploi]],Emplois[#All],3,0) -> Soins infirmiers | P31: =IF(AND(Contrats[[#This Row],[debut]]<=Résultats!D$11,Contrats[[#This Row],[fin_imputee]]>=Résultats!D$11),1,0) -> 1
A32: 30 | B32: 36751 | D32: =IF(Contrats[[#This Row],[fin]]="",D$1, Contrats[[#This Row],[fin]]) -> 45900 | E32: cdi | F32: 20 | G32: 201 | H32: 1.0 | I32: 286 | J32: forfait | K32: jours | L32: 0 | M32: 0 | N32: 0 | O32: =VLOOKUP(Contrats[[#This Row],[id_emploi]],Emplois[#All],3,0) -> Bloc opératoire | P32: =IF(AND(Contrats[[#This Row],[debut]]<=Résultats!D$11,Contrats[[#This Row],[fin_imputee]]>=Résultats!D$11),1,0) -> 1
A33: 31 | B33: 37279 | D33: =IF(Contrats[[#This Row],[fin]]="",D$1, Contrats[[#This Row],[fin]]) -> 45900 | E33: cdi | F33: 21 | G33: 299 | H33: 1.0 | I33: 416 | J33: nuit | K33: heures | L33: 0 | M33: 1 | N33: 1 | O33: =VLOOKUP(Contrats[[#This Row],[id_emploi]],Emplois[#All],3,0) -> Soins infirmiers | P33: =IF(AND(Contrats[[#This Row],[debut]]<=Résultats!D$11,Contrats[[#This Row],[fin_imputee]]>=Résultats!D$11),1,0) -> 1
A34: 32 | B34: 40884 | C34: 41159 | D34: =IF(Contrats[[#This Row],[fin]]="",D$1, Contrats[[#This Row],[fin]]) -> 41159 | E34: cdi | F34: 22 | G34: 29 | H34: 1.0 | I34: 63 | J34: jour | K34: heures | L34: 0 | M34: 0 | N34: 1 | O34: =VLOOKUP(Contrats[[#This Row],[id_emploi]],Emplois[#All],3,0) -> Médical | P34: =IF(AND(Contrats[[#This Row],[debut]]<=Résultats!D$11,Contrats[[#This Row],[fin_imputee]]>=Résultats!D$11),1,0) -> 0
A35: 33 | B35: 37315 | C35: 37496 | D35: =IF(Contrats[[#This Row],[fin]]="",D$1, Contrats[[#This Row],[fin]]) -> 37496 | E35: cdi | F35: 23 | G35: 70 | H35: 1.0 | I35: 124 | J35: nuit | K35: heures | L35: 0 | M35: 0 | N35: 1 | O35: =VLOOKUP(Contrats[[#This Row],[id_emploi]],Emplois[#All],3,0) -> Laboratoire | P35: =IF(AND(Contrats[[#This Row],[debut]]<=Résultats!D$11,Contrats[[#This Row],[fin_imputee]]>=Résultats!D$11),1,0) -> 0
A36: 34 | B36: 37519 | D36: =IF(Contrats[[#This Row],[fin]]="",D$1, Contrats[[#This Row],[fin]]) -> 45900 | E36: cdi | F36: 23 | G36: 70 | H36: 0.8 | I36: 123 | J36: jour | K36: heures | L36: 0 | M36: 1 | N36: 1 | O36: =VLOOKUP(Contrats[[#This Row],[id_emploi]],Emplois[#All],3,0) -> Laboratoire | P36: =IF(AND(Contrats[[#This Row],[debut]]<=Résultats!D$11,Contrats[[#This Row],[fin_imputee]]>=Résultats!D$11),1,0) -> 1
A37: 35 | B37: 42401 | C37: 45992 | D37: =IF(Contrats[[#This Row],[fin]]="",D$1, Contrats[[#This Row],[fin]]) -> 45992 | E37: cdd | F37: 24 | G37: 256 | H37: 1.0 | I37: 360 | J37: nuit | K37: heures | L37: 0 | M37: 0 | N37: 1 | O37: =VLOOKUP(Contrats[[#This Row],[id_emploi]],Emplois[#All],3,0) -> Soins infirmiers | P37: =IF(AND(Contrats[[#This Row],[debut]]<=Résultats!D$11,Contrats[[#This Row],[fin_imputee]]>=Résultats!D$11),1,0) -> 1
A38: 36 | B38: 37260 | C38: 37411 | D38: =IF(Contrats[[#This Row],[fin]]="",D$1, Contrats[[#This Row],[fin]]) -> 37411 | E38: cdd | F38: 25 | G38: 106 | H38: 1.0 | I38: 166 | J38: forfait | K38: jours | L38: 0 | M38: 1 | N38: 1 | O38: =VLOOKUP(Contrats[[#This Row],[id_emploi]],Emplois[#All],3,0) -> Information médicale | P38: =IF(AND(Contrats[[#This Row],[debut]]<=Résultats!D$11,Contrats[[#This Row],[fin_imputee]]>=Résultats!D$11),1,0) -> 0
A39: 37 | B39: 36870 | C39: 37174 | D39: =IF(Contrats[[#This Row],[fin]]="",D$1, Contrats[[#This Row],[fin]]) -> 37174 | E39: cdd | F39: 26 | G39: 61 | H39: 1.0 | I39: 111 | J39: jour | K39: heures | L39: 1 | M39: 1 | N39: 1 | O39: =VLOOKUP(Contrats[[#This Row],[id_emploi]],Emplois[#All],3,0) -> Rééducation | P39: =IF(AND(Contrats[[#This Row],[debut]]<=Résultats!D$11,Contrats[[#This Row],[fin_imputee]]>=Résultats!D$11),1,0) -> 0
A40: 38 | B40: 37218 | C40: 37583 | D40: =IF(Contrats[[#This Row],[fin]]="",D$1, Contrats[[#This Row],[fin]]) -> 37583 | E40: cdi | F40: 27 | G40: 75 | H40: 1.0 | I40: 132 | J40: jour | K40: heures | L40: 0 | M40: 1 | N40: 1 | O40: =VLOOKUP(Contrats[[#This Row],[id_emploi]],Emplois[#All],3,0) -> Pharmacie | P40: =IF(AND(Contrats[[#This Row],[debut]]<=Résultats!D$11,Contrats[[#This Row],[fin_imputee]]>=Résultats!D$11),1,0) -> 0
A41: 39 | B41: 37634 | C41: 38243 | D41: =IF(Contrats[[#This Row],[fin]]="",D$1, Contrats[[#This Row],[fin]]) -> 38243 | E41: cdi | F41: 27 | G41: 28 | H41: 1.0 | I41: 61 | J41: jour | K41: heures | L41: 1 | M41: 0 | N41: 1 | O41: =VLOOKUP(Contrats[[#This Row],[id_emploi]],Emplois[#All],3,0) -> Médical | P41: =IF(AND(Contrats[[#This Row],[debut]]<=Résultats!D$11,Contrats[[#This Row],[fin_imputee]]>=Résultats!D$11),1,0) -> 0
A42: 40 | B42: 36629 | C42: 37269 | D42: =IF(Contrats[[#This Row],[fin]]="",D$1, Contrats[[#This Row],[fin]]) -> 37269 | E42: cdi | F42: 28 | G42: 297 | H42: 1.0 | I42: 414 | J42: forfait | K42: jours | L42: 0 | M42: 1 | N42: 1 | O42: =VLOOKUP(Contrats[[#This Row],[id_emploi]],Emplois[#All],3,0) -> Médical | P42: =IF(AND(Contrats[[#This Row],[debut]]<=Résultats!D$11,Contrats[[#This Row],[fin_imputee]]>=Résultats!D$11),1,0) -> 0
A43: 41 | B43: 37144 | C43: 37570 | D43: =IF(Contrats[[#This Row],[fin]]="",D$1, Contrats[[#This Row],[fin]]) -> 37570 | E43: cdi | F43: 29 | G43: 224 | H43: 1.0 | I43: 322 | J43: nuit | K43: heures | L43: 0 | M43: 0 | N43: 1 | O43: =VLOOKUP(Contrats[[#This Row],[id_emploi]],Emplois[#All],3,0) -> Soins infirmiers | P43: =IF(AND(Contrats[[#This Row],[debut]]<=Résultats!D$11,Contrats[[#This Row],[fin_imputee]]>=Résultats!D$11),1,0) -> 0
A44: 42 | B44: 42501 | C44: 42777 | D44: =IF(Contrats[[#This Row],[fin]]="",D$1, Contrats[[#This Row],[fin]]) -> 42777 | E44: cdi | F44: 30 | G44: 210 | H44: 0.8 | I44: 303 | J44: nuit | K44: heures | L44: 0 | M44: 0 | N44: 1 | O44: =VLOOKUP(Contrats[[#This Row],[id_emploi]],Emplois[#All],3,0) -> Soins infirmiers | P44: =IF(AND(Contrats[[#This Row],[debut]]<=Résultats!D$11,Contrats[[#This Row],[fin_imputee]]>=Résultats!D$11),1,0) -> 0
A45: 43 | B45: 42807 | C45: 43325 | D45: =IF(Contrats[[#This Row],[fin]]="",D$1, Contrats[[#This Row],[fin]]) -> 43325 | E45: cdi | F45: 30 | G45: 210 | H45: 0.8 | I45: 303 | J45: nuit | K45: heures | L45: 0 | M45: 1 | N45: 1 | O45: =VLOOKUP(Contrats[[#This Row],[id_emploi]],Emplois[#All],3,0) -> Soins infirmiers | P45: =IF(AND(Contrats[[#This Row],[debut]]<=Résultats!D$11,Contrats[[#This Row],[fin_imputee]]>=Résultats!D$11),1,0) -> 0
A46: 44 | B46: 43362 | C46: 43635 | D46: =IF(Contrats[[#This Row],[fin]]="",D$1, Contrats[[#This Row],[fin]]) -> 43635 | E46: cdi | F46: 30 | G46: 48 | H46: 1.0 | I46: 98 | J46: forfait | K46: jours | L46: 0 | M46: 1 | N46: 1 | O46: =VLOOKUP(Contrats[[#This Row],[id_emploi]],Emplois[#All],3,0) -> Soins infirmiers | P46: =IF(AND(Contrats[[#This Row],[debut]]<=Résultats!D$11,Contrats[[#This Row],[fin_imputee]]>=Résultats!D$11),1,0) -> 0
A47: 45 | B47: 37602 | C47: 38119 | D47: =IF(Contrats[[#This Row],[fin]]="",D$1, Contrats[[#This Row],[fin]]) -> 38119 | E47: cdd | F47: 31 | G47: 285 | H47: 0.9 | I47: 401 | J47: nuit | K47: heures | L47: 0 | M47: 1 | N47: 1 | O47: =VLOOKUP(Contrats[[#This Row],[id_emploi]],Emplois[#All],3,0) -> Soins infirmiers | P47: =IF(AND(Contrats[[#This Row],[debut]]<=Résultats!D$11,Contrats[[#This Row],[fin_imputee]]>=Résultats!D$11),1,0) -> 0
A48: 46 | B48: 36634 | C48: 36940 | D48: =IF(Contrats[[#This Row],[fin]]="",D$1, Contrats[[#This Row],[fin]]) -> 36940 | E48: cdi | F48: 32 | G48: 51 | H48: 0.8 | I48: 101 | J48: nuit | K48: heures | L48: 0 | M48: 1 | N48: 1 | O48: =VLOOKUP(Contrats[[#This Row],[id_emploi]],Emplois[#All],3,0) -> Maïeutique | P48: =IF(AND(Contrats[[#This Row],[debut]]<=Résultats!D$11,Contrats[[#This Row],[fin_imputee]]>=Résultats!D$11),1,0) -> 0
... A53: 51 | B53: 36911 | C53: 37488 | D53: =IF(Contrats[[#This Row],[fin]]="",D$1, Contrats[[#This Row],[fin]]) -> 37488 | E53: cdi | F53: 36 | G53: 24 | H53: 1.0 | I53: 55 | J53: jour | K53: heures | L53: 0 | M53: 1 | N53: 1 | O53: =VLOOKUP(Contrats[[#This Row],[id_emploi]],Emplois[#All],3,0) -> Médical | P53: =IF(AND(Contrats[[#This Row],[debut]]<=Résultats!D$11,Contrats[[#This Row],[fin_imputee]]>=Résultats!D$11),1,0) -> 0
A54: 52 | B54: 37512 | D54: =IF(Contrats[[#This Row],[fin]]="",D$1, Contrats[[#This Row],[fin]]) -> 45900 | E54: cdi | F54: 36 | G54: 24 | H54: 1.0 | I54: 55 | J54: jour | K54: heures | L54: 1 | M54: 1 | N54: 1 | O54: =VLOOKUP(Contrats[[#This Row],[id_emploi]],Emplois[#All],3,0) -> Médical | P54: =IF(AND(Contrats[[#This Row],[debut]]<=Résultats!D$11,Contrats[[#This Row],[fin_imputee]]>=Résultats!D$11),1,0) -> 1
A55: 53 | B55: 38590 | C55: 39259 | D55: =IF(Contrats[[#This Row],[fin]]="",D$1, Contrats[[#This Row],[fin]]) -> 39259 | E55: cdi | F55: 37 | G55: 238 | H55: 0.5 | I55: 337 | J55: nuit | K55: heures | L55: 0 | M55: 0 | N55: 1 | O55: =VLOOKUP(Contrats[[#This Row],[id_emploi]],Emplois[#All],3,0) -> Soins infirmiers | P55: =IF(AND(Contrats[[#This Row],[debut]]<=Résultats!D$11,Contrats[[#This Row],[fin_imputee]]>=Résultats!D$11),1,0) -> 0
A56: 54 | B56: 39263 | C56: 39812 | D56: =IF(Contrats[[#This Row],[fin]]="",D$1, Contrats[[#This Row],[fin]]) -> 39812 | E56: cdi | F56: 37 | G56: 238 | H56: 1.0 | I56: 336 | J56: jour | K56: heures | L56: 0 | M56: 1 | N56: 1 | O56: =VLOOKUP(Contrats[[#This Row],[id_emploi]],Emplois[#All],3,0) -> Soins infirmiers | P56: =IF(AND(Contrats[[#This Row],[debut]]<=Résultats!D$11,Contrats[[#This Row],[fin_imputee]]>=Résultats!D$11),1,0) -> 0
A57: 55 | B57: 39856 | C57: 40249 | D57: =IF(Contrats[[#This Row],[fin]]="",D$1, Contrats[[#This Row],[fin]]) -> 40249 | E57: cdi | F57: 37 | G57: 238 | H57: 1.0 | I57: 338 | J57: astreinte | K57: astreinte | L57: 0 | M57: 0 | N57: 1 | O57: =VLOOKUP(Contrats[[#This Row],[id_emploi]],Emplois[#All],3,0) -> Soins infirmiers | P57: =IF(AND(Contrats[[#This Row],[debut]]<=Résultats!D$11,Contrats[[#This Row],[fin_imputee]]>=Résultats!D$11),1,0) -> 0
A58: 56 | B58: 40712 | C58: 41200 | D58: =IF(Contrats[[#This Row],[fin]]="",D$1, Contrats[[#This Row],[fin]]) -> 41200 | E58: cdi | F58: 38 | G58: 272 | H58: 1.0 | I58: 383 | J58: jour | K58: heures | L58: 0 | M58: 0 | N58: 1 | O58: =VLOOKUP(Contrats[[#This Row],[id_emploi]],Emplois[#All],3,0) -> Imagerie | P58: =IF(AND(Contrats[[#This Row],[debut]]<=Résultats!D$11,Contrats[[#This Row],[fin_imputee]]>=Résultats!D$11),1,0) -> 0
A59: 57 | B59: 41246 | C59: 41520 | D59: =IF(Contrats[[#This Row],[fin]]="",D$1, Contrats[[#This Row],[fin]]) -> 41520 | E59: cdd | F59: 38 | G59: 224 | H59: 1.0 | I59: 322 | J59: nuit | K59: heures | L59: 0 | M59: 0 | N59: 1 | O59: =VLOOKUP(Contrats[[#This Row],[id_emploi]],Emplois[#All],3,0) -> Soins infirmiers | P59: =IF(AND(Contrats[[#This Row],[debut]]<=Résultats!D$11,Contrats[[#This Row],[fin_imputee]]>=Résultats!D$11),1,0) -> 0
A60: 58 | B60: 36802 | C60: 37532 | D60: =IF(Contrats[[#This Row],[fin]]="",D$1, Contrats[[#This Row],[fin]]) -> 37532 | E60: apprenti | F60: 39 | G60: 224 | H60: 1.0 | I60: 322 | J60: nuit | K60: heures | L60: 1 | M60: 0 | N60: 1 | O60: =VLOOKUP(Contrats[[#This Row],[id_emploi]],Emplois[#All],3,0) -> Soins infirmiers | P60: =IF(AND(Contrats[[#This Row],[debut]]<=Résultats!D$11,Contrats[[#This Row],[fin_imputee]]>=Résultats!D$11),1,0) -> 0
A61: 59 | B61: 43544 | C61: 43758 | D61: =IF(Contrats[[#This Row],[fin]]="",D$1, Contrats[[#This Row],[fin]]) -> 43758 | E61: cdd | F61: 40 | G61: 48 | H61: 1.0 | I61: 98 | J61: forfait | K61: jours | L61: 0 | M61: 1 | N61: 1 | O61: =VLOOKUP(Contrats[[#This Row],[id_emploi]],Emplois[#All],3,0) -> Soins infirmiers | P61: =IF(AND(Contrats[[#This Row],[debut]]<=Résultats!D$11,Contrats[[#This Row],[fin_imputee]]>=Résultats!D$11),1,0) -> 0
A62: 60 | B62: 37599 | C62: 37873 | D62: =IF(Contrats[[#This Row],[fin]]="",D$1, Contrats[[#This Row],[fin]]) -> 37873 | E62: cdi | F62: 41 | G62: 47 | H62: 0.8 | I62: 97 | J62: forfait | K62: jours | L62: 0 | M62: 1 | N62: 1 | O62: =VLOOKUP(Contrats[[#This Row],[id_emploi]],Emplois[#All],3,0) -> Soins infirmiers | P62: =IF(AND(Contrats[[#This Row],[debut]]<=Résultats!D$11,Contrats[[#This Row],[fin_imputee]]>=Résultats!D$11),1,0) -> 0
A63: 61 | B63: 39441 | C63: 45962 | D63: =IF(Contrats[[#This Row],[fin]]="",D$1, Contrats[[#This Row],[fin]]) -> 45962 | E63: cdd | F63: 42 | G63: 165 | H63: 0.8 | I63: 233 | J63: nuit | K63: heures | L63: 1 | M63: 0 | N63: 1 | O63: =VLOOKUP(Contrats[[#This Row],[id_emploi]],Emplois[#All],3,0) -> Sécurité | P63: =IF(AND(Contrats[[#This Row],[debut]]<=Résultats!D$11,Contrats[[#This Row],[fin_imputee]]>=Résultats!D$11),1,0) -> 1
A64: 62 | B64: 36769 | D64: =IF(Contrats[[#This Row],[fin]]="",D$1, Contrats[[#This Row],[fin]]) -> 45900 | E64: cdi | F64: 43 | G64: 51 | H64: 0.8 | I64: 101 | J64: nuit | K64: heures | L64: 0 | M64: 0 | N64: 1 | O64: =VLOOKUP(Contrats[[#This Row],[id_emploi]],Emplois[#All],3,0) -> Maïeutique | P64: =IF(AND(Contrats[[#This Row],[debut]]<=Résultats!D$11,Contrats[[#This Row],[fin_imputee]]>=Résultats!D$11),1,0) -> 1
A65: 63 | B65: 36685 | C65: 36989 | D65: =IF(Contrats[[#This Row],[fin]]="",D$1, Contrats[[#This Row],[fin]]) -> 36989 | E65: cdd | F65: 44 | G65: 214 | H65: 1.0 | I65: 307 | J65: forfait | K65: jours | L65: 1 | M65: 0 | N65: 1 | O65: =VLOOKUP(Contrats[[#This Row],[id_emploi]],Emplois[#All],3,0) -> Pharmacie | P65: =IF(AND(Contrats[[#This Row],[debut]]<=Résultats!D$11,Contrats[[#This Row],[fin_imputee]]>=Résultats!D$11),1,0) -> 0
A66: 64 | B66: 36673 | D66: =IF(Contrats[[#This Row],[fin]]="",D$1, Contrats[[#This Row],[fin]]) -> 45900 | E66: cdi | F66: 45 | G66: 98 | H66: 1.0 | I66: 158 | J66: jour | K66: heures | L66: 1 | M66: 1 | N66: 1 | O66: =VLOOKUP(Contrats[[#This Row],[id_emploi]],Emplois[#All],3,0) -> Administratif/médical | P66: =IF(AND(Contrats[[#This Row],[debut]]<=Résultats!D$11,Contrats[[#This Row],[fin_imputee]]>=Résultats!D$11),1,0) -> 1
A67: 65 | B67: 37539 | C67: 37812 | D67: =IF(Contrats[[#This Row],[fin]]="",D$1, Contrats[[#This Row],[fin]]) -> 37812 | E67: cdi | F67: 46 | G67: 42 | H67: 1.0 | I67: 86 | J67: forfait | K67: jours | L67: 1 | M67: 1 | N67: 0 | O67: =VLOOKUP(Contrats[[#This Row],[id_emploi]],Emplois[#All],3,0) -> Laboratoire | P67: =IF(AND(Contrats[[#This Row],[debut]]<=Résultats!D$11,Contrats[[#This Row],[fin_imputee]]>=Résultats!D$11),1,0) -> 0
A68: 66 | B68: 37848 | C68: 38367 | D68: =IF(Contrats[[#This Row],[fin]]="",D$1, Contrats[[#This Row],[fin]]) -> 38367 | E68: cdi | F68: 46 | G68: 42 | H68: 0.8 | I68: 86 | J68: forfait | K68: jours | L68: 0 | M68: 1 | N68: 1 | O68: =VLOOKUP(Contrats[[#This Row],[id_emploi]],Emplois[#All],3,0) -> Laboratoire | P68: =IF(AND(Contrats[[#This Row],[debut]]<=Résultats!D$11,Contrats[[#This Row],[fin_imputee]]>=Résultats!D$11),1,0) -> 0
A69: 67 | B69: 36999 | C69: 37152 | D69: =IF(Contrats[[#This Row],[fin]]="",D$1, Contrats[[#This Row],[fin]]) -> 37152 | E69: cdd | F69: 47 | G69: 220 | H69: 0.8 | I69: 316 | J69: nuit | K69: heures | L69: 0 | M69: 1 | N69: 1 | O69: =VLOOKUP(Contrats[[#This Row],[id_emploi]],Emplois[#All],3,0) -> Soins infirmiers | P69: =IF(AND(Contrats[[#This Row],[debut]]<=Résultats!D$11,Contrats[[#This Row],[fin_imputee]]>=Résultats!D$11),1,0) -> 0
A70: 68 | B70: 37057 | D70: =IF(Contrats[[#This Row],[fin]]="",D$1, Contrats[[#This Row],[fin]]) -> 45900 | E70: cdi | F70: 48 | G70: 51 | H70: 1.0 | I70: 101 | J70: nuit | K70: heures | L70: 0 | M70: 0 | N70: 1 | O70: =VLOOKUP(Contrats[[#This Row],[id_emploi]],Emplois[#All],3,0) -> Maïeutique | P70: =IF(AND(Contrats[[#This Row],[debut]]<=Résultats!D$11,Contrats[[#This Row],[fin_imputee]]>=Résultats!D$11),1,0) -> 1
A71: 69 | B71: 37384 | C71: 37872 | D71: =IF(Contrats[[#This Row],[fin]]="",D$1, Contrats[[#This Row],[fin]]) -> 37872 | E71: cdi | F71: 49 | G71: 21 | H71: 1.0 | I71: 50 | J71: jour | K71: heures | L71: 0 | M71: 1 | N71: 1 | O71: =VLOOKUP(Contrats[[#This Row],[id_emploi]],Emplois[#All],3,0) -> Médical | P71: =IF(AND(Contrats[[#This Row],[debut]]<=Résultats!D$11,Contrats[[#This Row],[fin_imputee]]>=Résultats!D$11),1,0) -> 0
A72: 70 | B72: 37462 | C72: 37677 | D72: =IF(Contrats[[#This Row],[fin]]="",D$1, Contrats[[#This Row],[fin]]) -> 37677 | E72: cdi | F72: 50 | G72: 131 | H72: 1.0 | I72: 191 | J72: jour | K72: heures | L72: 1 | M72: 1 | N72: 1 | O72: =VLOOKUP(Contrats[[#This Row],[id_emploi]],Emplois[#All],3,0) -> Psycho-social | P72: =IF(AND(Contrats[[#This Row],[debut]]<=Résultats!D$11,Contrats[[#This Row],[fin_imputee]]>=Résultats!D$11),1,0) -> 0
A73: 71 | B73: 37290 | C73: 37318 | D73: =IF(Contrats[[#This Row],[fin]]="",D$1, Contrats[[#This Row],[fin]]) -> 37318 | E73: cdd | F73: 51 | G73: 214 | H73: 1.0 | I73: 307 | J73: forfait | K73: jours | L73: 0 | M73: 1 | N73: 1 | O73: =VLOOKUP(Contrats[[#This Row],[id_emploi]],Emplois[#All],3,0) -> Pharmacie | P73: =IF(AND(Contrats[[#This Row],[debut]]<=Résultats!D$11,Contrats[[#This Row],[fin_imputee]]>=Résultats!D$11),1,0) -> 0
A74: 72 | B74: 40852 | D74: =IF(Contrats[[#This Row],[fin]]="",D$1, Contrats[[#This Row],[fin]]) -> 45900 | E74: cdi | F74: 52 | G74: 265 | H74: 1.0 | I74: 373 | J74: forfait | K74: jours | L74: 0 | M74: 1 | N74: 1 | O74: =VLOOKUP(Contrats[[#This Row],[id_emploi]],Emplois[#All],3,0) -> Administratif | P74: =IF(AND(Contrats[[#This Row],[debut]]<=Résultats!D$11,Contrats[[#This Row],[fin_imputee]]>=Résultats!D$11),1,0) -> 1
A75: 73 | B75: 36568 | D75: =IF(Contrats[[#This Row],[fin]]="",D$1, Contrats[[#This Row],[fin]]) -> 45900 | E75: cdi | F75: 53 | G75: 262 | H75: 0.8 | I75: 366 | J75: nuit | K75: heures | L75: 0 | M75: 0 | N75: 0 | O75: =VLOOKUP(Contrats[[#This Row],[id_emploi]],Emplois[#All],3,0) -> Bloc opératoire | P75: =IF(AND(Contrats[[#This Row],[debut]]<=Résultats!D$11,Contrats[[#This Row],[fin_imputee]]>=Résultats!D$11),1,0) -> 1
A76: 74 | B76: 37146 | C76: 37876 | D76: =IF(Contrats[[#This Row],[fin]]="",D$1, Contrats[[#This Row],[fin]]) -> 37876 | E76: cdi | F76: 54 | G76: 262 | H76: 1.0 | I76: 367 | J76: bloc | K76: heures | L76: 0 | M76: 1 | N76: 0 | O76: =VLOOKUP(Contrats[[#This Row],[id_emploi]],Emplois[#All],3,0) -> Bloc opératoire | P76: =IF(AND(Contrats[[#This Row],[debut]]<=Résultats!D$11,Contrats[[#This Row],[fin_imputee]]>=Résultats!D$11),1,0) -> 0
A77: 75 | B77: 37913 | D77: =IF(Contrats[[#This Row],[fin]]="",D$1, Contrats[[#This Row],[fin]]) -> 45900 | E77: cdi | F77: 54 | G77: 44 | H77: 1.0 | I77: 88 | J77: jour | K77: heures | L77: 0 | M77: 1 | N77: 0 | O77: =VLOOKUP(Contrats[[#This Row],[id_emploi]],Emplois[#All],3,0) -> Bloc opératoire | P77: =IF(AND(Contrats[[#This Row],[debut]]<=Résultats!D$11,Contrats[[#This Row],[fin_imputee]]>=Résultats!D$11),1,0) -> 1
A78: 76 | B78: 36806 | C78: 37202 | D78: =IF(Contrats[[#This Row],[fin]]="",D$1, Contrats[[#This Row],[fin]]) -> 37202 | E78: cdd | F78: 55 | G78: 57 | H78: 1.0 | I78: 107 | J78: jour | K78: heures | L78: 0 | M78: 0 | N78: 1 | O78: =VLOOKUP(Contrats[[#This Row],[id_emploi]],Emplois[#All],3,0) -> Rééducation | P78: =IF(AND(Contrats[[#This Row],[debut]]<=Résultats!D$11,Contrats[[#This Row],[fin_imputee]]>=Résultats!D$11),1,0) -> 0
A79: 77 | B79: 36896 | C79: 37230 | D79: =IF(Contrats[[#This Row],[fin]]="",D$1, Contrats[[#This Row],[fin]]) -> 37230 | E79: cdd | F79: 56 | G79: 286 | H79: 1.0 | I79: 402 | J79: jour | K79: heures | L79: 1 | M79: 0 | N79: 1 | O79: =VLOOKUP(Contrats[[#This Row],[id_emploi]],Emplois[#All],3,0) -> Administratif/médical | P79: =IF(AND(Contrats[[#This Row],[debut]]<=Résultats!D$11,Contrats[[#This Row],[fin_imputee]]>=Résultats!D$11),1,0) -> 0
A80: 78 | B80: 36573 | D80: =IF(Contrats[[#This Row],[fin]]="",D$1, Contrats[[#This Row],[fin]]) -> 45900 | E80: cdi | F80: 57 | G80: 57 | H80: 1.0 | I80: 107 | J80: jour | K80: heures | L80: 1 | M80: 1 | N80: 0 | O80: =VLOOKUP(Contrats[[#This Row],[id_emploi]],Emplois[#All],3,0) -> Rééducation | P80: =IF(AND(Contrats[[#This Row],[debut]]<=Résultats!D$11,Contrats[[#This Row],[fin_imputee]]>=Résultats!D$11),1,0) -> 1
A81: 79 | B81: 37391 | C81: 37909 | D81: =IF(Contrats[[#This Row],[fin]]="",D$1, Contrats[[#This Row],[fin]]) -> 37909 | E81: cdi | F81: 58 | G81: 51 | H81: 1.0 | I81: 101 | J81: nuit | K81: heures | L81: 0 | M81: 0 | N81: 1 | O81: =VLOOKUP(Contrats[[#This Row],[id_emploi]],Emplois[#All],3,0) -> Maïeutique | P81: =IF(AND(Contrats[[#This Row],[debut]]<=Résultats!D$11,Contrats[[#This Row],[fin_imputee]]>=Résultats!D$11),1,0) -> 0
A82: 80 | B82: 37070 | D82: =IF(Contrats[[#This Row],[fin]]="",D$1, Contrats[[#This Row],[fin]]) -> 45900 | E82: cdi | F82: 59 | G82: 46 | H82: 1.0 | I82: 96 | J82: nuit | K82: heures | L82: 0 | M82: 1 | N82: 1 | O82: =VLOOKUP(Contrats[[#This Row],[id_emploi]],Emplois[#All],3,0) -> Pédiatrie/néonat | P82: =IF(AND(Contrats[[#This Row],[debut]]<=Résultats!D$11,Contrats[[#This Row],[fin_imputee]]>=Résultats!D$11),1,0) -> 1
A83: 81 | B83: 37098 | C83: 37767 | D83: =IF(Contrats[[#This Row],[fin]]="",D$1, Contrats[[#This Row],[fin]]) -> 37767 | E83: cdi | F83: 60 | G83: 24 | H83: 1.0 | I83: 55 | J83: jour | K83: heures | L83: 0 | M83: 0 | N83: 1 | O83: =VLOOKUP(Contrats[[#This Row],[id_emploi]],Emplois[#All],3,0) -> Médical | P83: =IF(AND(Contrats[[#This Row],[debut]]<=Résultats!D$11,Contrats[[#This Row],[fin_imputee]]>=Résultats!D$11),1,0) -> 0
A84: 82 | B84: 38052 | C84: 38692 | D84: =IF(Contrats[[#This Row],[fin]]="",D$1, Contrats[[#This Row],[fin]]) -> 38692 | E84: cdi | F84: 61 | G84: 27 | H84: 1.0 | I84: 60 | J84: astreinte | K84: astreinte | L84: 0 | M84: 0 | N84: 1 | O84: =VLOOKUP(Contrats[[#This Row],[id_emploi]],Emplois[#All],3,0) -> Médical | P84: =IF(AND(Contrats[[#This Row],[debut]]<=Résultats!D$11,Contrats[[#This Row],[fin_imputee]]>=Résultats!D$11),1,0) -> 0
A85: 83 | B85: 36861 | C85: 37316 | D85: =IF(Contrats[[#This Row],[fin]]="",D$1, Contrats[[#This Row],[fin]]) -> 37316 | E85: cdi | F85: 62 | G85: 43 | H85: 0.8 | I85: 87 | J85: nuit | K85: heures | L85: 0 | M85: 1 | N85: 0 | O85: =VLOOKUP(Contrats[[#This Row],[id_emploi]],Emplois[#All],3,0) -> Soins infirmiers | P85: =IF(AND(Contrats[[#This Row],[debut]]<=Résultats!D$11,Contrats[[#This Row],[fin_imputee]]>=Résultats!D$11),1,0) -> 0
A86: 84 | B86: 37371 | C86: 37797 | D86: =IF(Contrats[[#This Row],[fin]]="",D$1, Contrats[[#This Row],[fin]]) -> 37797 | E86: cdd | F86: 62 | G86: 43 | H86: 1.0 | I86: 87 | J86: nuit | K86: heures | L86: 0 | M86: 0 | N86: 1 | O86: =VLOOKUP(Contrats[[#This Row],[id_emploi]],Emplois[#All],3,0) -> Soins infirmiers | P86: =IF(AND(Contrats[[#This Row],[debut]]<=Résultats!D$11,Contrats[[#This Row],[fin_imputee]]>=Résultats!D$11),1,0) -> 0
A87: 85 | B87: 37826 | C87: 38131 | D87: =IF(Contrats[[#This Row],[fin]]="",D$1, Contrats[[#This Row],[fin]]) -> 38131 | E87: cdd | F87: 62 | G87: 299 | H87: 0.5 | I87: 416 | J87: nuit | K87: heures | L87: 0 | M87: 0 | N87: 1 | O87: =VLOOKUP(Contrats[[#This Row],[id_emploi]],Emplois[#All],3,0) -> Soins infirmiers | P87: =IF(AND(Contrats[[#This Row],[debut]]<=Résultats!D$11,Contrats[[#This Row],[fin_imputee]]>=Résultats!D$11),1,0) -> 0
A88: 86 | B88: 39022 | C88: 39569 | D88: =IF(Contrats[[#This Row],[fin]]="",D$1, Contrats[[#This Row],[fin]]) -> 39569 | E88: cdi | F88: 63 | G88: 34 | H88: 1.0 | I88: 74 | J88: astreinte | K88: astreinte | L88: 0 | M88: 0 | N88: 0 | O88: =VLOOKUP(Contrats[[#This Row],[id_emploi]],Emplois[#All],3,0) -> Médical | P88: =IF(AND(Contrats[[#This Row],[debut]]<=Résultats!D$11,Contrats[[#This Row],[fin_imputee]]>=Résultats!D$11),1,0) -> 0
A89: 87 | B89: 41383 | D89: =IF(Contrats[[#This Row],[fin]]="",D$1, Contrats[[#This Row],[fin]]) -> 45900 | E89: cdi | F89: 64 | G89: 162 | H89: 0.8 | I89: 230 | J89: forfait | K89: jours | L89: 0 | M89: 1 | N89: 1 | O89: =VLOOKUP(Contrats[[#This Row],[id_emploi]],Emplois[#All],3,0) -> Techniques/bâtiment | P89: =IF(AND(Contrats[[#This Row],[debut]]<=Résultats!D$11,Contrats[[#This Row],[fin_imputee]]>=Résultats!D$11),1,0) -> 1
A90: 88 | B90: 41441 | C90: 41533 | D90: =IF(Contrats[[#This Row],[fin]]="",D$1, Contrats[[#This Row],[fin]]) -> 41533 | E90: cdd | F90: 65 | G90: 100 | H90: 1.0 | I90: 160 | J90: jour | K90: heures | L90: 1 | M90: 0 | N90: 1 | O90: =VLOOKUP(Contrats[[#This Row],[id_emploi]],Emplois[#All],3,0) -> Administratif | P90: =IF(AND(Contrats[[#This Row],[debut]]<=Résultats!D$11,Contrats[[#This Row],[fin_imputee]]>=Résultats!D$11),1,0) -> 0
A91: 89 | B91: 41566 | C91: 41778 | D91: =IF(Contrats[[#This Row],[fin]]="",D$1, Contrats[[#This Row],[fin]]) -> 41778 | E91: cdi | F91: 65 | G91: 100 | H91: 0.8 | I91: 160 | J91: jour | K91: heures | L91: 1 | M91: 0 | N91: 1 | O91: =VLOOKUP(Contrats[[#This Row],[id_emploi]],Emplois[#All],3,0) -> Administratif | P91: =IF(AND(Contrats[[#This Row],[debut]]<=Résultats!D$11,Contrats[[#This Row],[fin_imputee]]>=Résultats!D$11),1,0) -> 0
A92: 90 | B92: 41791 | C92: 42125 | D92: =IF(Contrats[[#This Row],[fin]]="",D$1, Contrats[[#This Row],[fin]]) -> 42125 | E92: cdi | F92: 65 | G92: 100 | H92: 0.9 | I92: 160 | J92: jour | K92: heures | L92: 0 | M92: 0 | N92: 1 | O92: =VLOOKUP(Contrats[[#This Row],[id_emploi]],Emplois[#All],3,0) -> Administratif | P92: =IF(AND(Contrats[[#This Row],[debut]]<=Résultats!D$11,Contrats[[#This Row],[fin_imputee]]>=Résultats!D$11),1,0) -> 0
A93: 91 | B93: 39064 | C93: 39246 | D93: =IF(Contrats[[#This Row],[fin]]="",D$1, Contrats[[#This Row],[fin]]) -> 39246 | E93: cdi | F93: 66 | G93: 145 | H93: 1.0 | I93: 205 | J93: jour | K93: heures | L93: 0 | M93: 1 | N93: 1 | O93: =VLOOKUP(Contrats[[#This Row],[id_emploi]],Emplois[#All],3,0) -> Logistique | P93: =IF(AND(Contrats[[#This Row],[debut]]<=Résultats!D$11,Contrats[[#This Row],[fin_imputee]]>=Résultats!D$11),1,0) -> 0
A94: 92 | B94: 39265 | C94: 46023 | D94: =IF(Contrats[[#This Row],[fin]]="",D$1, Contrats[[#This Row],[fin]]) -> 46023 | E94: cdd | F94: 66 | G94: 145 | H94: 1.0 | I94: 205 | J94: jour | K94: heures | L94: 1 | M94: 1 | N94: 1 | O94: =VLOOKUP(Contrats[[#This Row],[id_emploi]],Emplois[#All],3,0) -> Logistique | P94: =IF(AND(Contrats[[#This Row],[debut]]<=Résultats!D$11,Contrats[[#This Row],[fin_imputee]]>=Résultats!D$11),1,0) -> 1
A95: 93 | B95: 39394 | C95: 39668 | D95: =IF(Contrats[[#This Row],[fin]]="",D$1, Contrats[[#This Row],[fin]]) -> 39668 | E95: cdi | F95: 67 | G95: 152 | H95: 1.0 | I95: 214 | J95: forfait | K95: jours | L95: 1 | M95: 0 | N95: 1 | O95: =VLOOKUP(Contrats[[#This Row],[id_emploi]],Emplois[#All],3,0) -> Biomédical | P95: =IF(AND(Contrats[[#This Row],[debut]]<=Résultats!D$11,Contrats[[#This Row],[fin_imputee]]>=Résultats!D$11),1,0) -> 0
A96: 94 | B96: 39799 | C96: 40468 | D96: =IF(Contrats[[#This Row],[fin]]="",D$1, Contrats[[#This Row],[fin]]) -> 40468 | E96: cdi | F96: 68 | G96: 49 | H96: 1.0 | I96: 99 | J96: nuit | K96: heures | L96: 0 | M96: 0 | N96: 1 | O96: =VLOOKUP(Contrats[[#This Row],[id_emploi]],Emplois[#All],3,0) -> Soins infirmiers | P96: =IF(AND(Contrats[[#This Row],[debut]]<=Résultats!D$11,Contrats[[#This Row],[fin_imputee]]>=Résultats!D$11),1,0) -> 0
A97: 95 | B97: 37467 | D97: =IF(Contrats[[#This Row],[fin]]="",D$1, Contrats[[#This Row],[fin]]) -> 45900 | E97: cdi | F97: 69 | G97: 298 | H97: 0.8 | I97: 415 | J97: jour | K97: heures | L97: 0 | M97: 1 | N97: 1 | O97: =VLOOKUP(Contrats[[#This Row],[id_emploi]],Emplois[#All],3,0) -> Psycho-social | P97: =IF(AND(Contrats[[#This Row],[debut]]<=Résultats!D$11,Contrats[[#This Row],[fin_imputee]]>=Résultats!D$11),1,0) -> 1
A98: 96 | B98: 37134 | C98: 37711 | D98: =IF(Contrats[[#This Row],[fin]]="",D$1, Contrats[[#This Row],[fin]]) -> 37711 | E98: cdi | F98: 70 | G98: 9 | H98: 0.5 | I98: 24 | J98: astreinte | K98: astreinte | L98: 1 | M98: 0 | N98: 1 | O98: =VLOOKUP(Contrats[[#This Row],[id_emploi]],Emplois[#All],3,0) -> Médical | P98: =IF(AND(Contrats[[#This Row],[debut]]<=Résultats!D$11,Contrats[[#This Row],[fin_imputee]]>=Résultats!D$11),1,0) -> 0
A99: 97 | B99: 41213 | D99: =IF(Contrats[[#This Row],[fin]]="",D$1, Contrats[[#This Row],[fin]]) -> 45900 | E99: cdi | F99: 71 | G99: 210 | H99: 1.0 | I99: 303 | J99: nuit | K99: heures | L99: 0 | M99: 0 | N99: 1 | O99: =VLOOKUP(Contrats[[#This Row],[id_emploi]],Emplois[#All],3,0) -> Soins infirmiers | P99: =IF(AND(Contrats[[#This Row],[debut]]<=Résultats!D$11,Contrats[[#This Row],[fin_imputee]]>=Résultats!D$11),1,0) -> 1
A100: 98 | B100: 36909 | D100: =IF(Contrats[[#This Row],[fin]]="",D$1, Contrats[[#This Row],[fin]]) -> 45900 | E100: cdi | F100: 72 | G100: 247 | H100: 1.0 | I100: 349 | J100: jour | K100: heures | L100: 0 | M100: 1 | N100: 1 | O100: =VLOOKUP(Contrats[[#This Row],[id_emploi]],Emplois[#All],3,0) -> Soins infirmiers | P100: =IF(AND(Contrats[[#This Row],[debut]]<=Résultats!D$11,Contrats[[#This Row],[fin_imputee]]>=Résultats!D$11),1,0) -> 1
A101: 99 | B101: 37161 | C101: 37648 | D101: =IF(Contrats[[#This Row],[fin]]="",D$1, Contrats[[#This Row],[fin]]) -> 37648 | E101: cdd | F101: 73 | G101: 262 | H101: 0.6 | I101: 367 | J101: bloc | K101: heures | L101: 0 | M101: 0 | N101: 0 | O101: =VLOOKUP(Contrats[[#This Row],[id_emploi]],Emplois[#All],3,0) -> Bloc opératoire | P101: =IF(AND(Contrats[[#This Row],[debut]]<=Résultats!D$11,Contrats[[#This Row],[fin_imputee]]>=Résultats!D$11),1,0) -> 0
A102: 100 | B102: 36985 | C102: 37107 | D102: =IF(Contrats[[#This Row],[fin]]="",D$1, Contrats[[#This Row],[fin]]) -> 37107 | E102: cdd | F102: 74 | G102: 262 | H102: 0.6 | I102: 366 | J102: nuit | K102: heures | L102: 0 | M102: 0 | N102: 0 | O102: =VLOOKUP(Contrats[[#This Row],[id_emploi]],Emplois[#All],3,0) -> Bloc opératoire | P102: =IF(AND(Contrats[[#This Row],[debut]]<=Résultats!D$11,Contrats[[#This Row],[fin_imputee]]>=Résultats!D$11),1,0) -> 0
A103: 101 | B103: 36606 | C103: 36790 | D103: =IF(Contrats[[#This Row],[fin]]="",D$1, Contrats[[#This Row],[fin]]) -> 36790 | E103: cdi | F103: 75 | G103: 262 | H103: 1.0 | I103: 366 | J103: nuit | K103: heures | L103: 0 | M103: 0 | N103: 0 | O103: =VLOOKUP(Contrats[[#This Row],[id_emploi]],Emplois[#All],3,0) -> Bloc opératoire | P103: =IF(AND(Contrats[[#This Row],[debut]]<=Résultats!D$11,Contrats[[#This Row],[fin_imputee]]>=Résultats!D$11),1,0) -> 0
A104: 102 | B104: 37587 | C104: 38073 | D104: =IF(Contrats[[#This Row],[fin]]="",D$1, Contrats[[#This Row],[fin]]) -> 38073 | E104: cdi | F104: 76 | G104: 210 | H104: 1.0 | I104: 302 | J104: jour | K104: heures | L104: 0 | M104: 1 | N104: 1 | O104: =VLOOKUP(Contrats[[#This Row],[id_emploi]],Emplois[#All],3,0) -> Soins infirmiers | P104: =IF(AND(Contrats[[#This Row],[debut]]<=Résultats!D$11,Contrats[[#This Row],[fin_imputee]]>=Résultats!D$11),1,0) -> 0
...

Sheet personnes
A1: id | B1: nom | C1: prénom | D1: date de naissance | E1: adresse rue | F1: adresse code postal | G1: adresse localité | H1: genre
A2: 1 | B2: Alvarez | C2: Maria | D2: 30381 | E2: 12 Impasse de l'Adré | F2: 13800.0 | G2: Istres | H2: F
A3: 2 | B3: Belkacem | C3: Ibrahima | D3: 30546 | E3: 5 Impasse de l'Adré | F3: 13800.0 | G3: Istres | H3: M
A4: 3 | B4: Nikolić | C4: Hugo | D4: 33903 | E4: 62 Rue d'Endoume | F4: 13007.0 | G4: Marseille | H4: M
A5: 4 | B5: Youssouf | C5: Miguel | D5: 28028 | E5: 12 Place du Marché des Capucins | F5: 13001.0 | G5: Marseille | H5: M
A6: 5 | B6: Alvarez | C6: Noah | D6: 16560 | E6: 1b Chemin des Aubépines | F6: 13700.0 | G6: Marignane | H6: M
A7: 6 | B7: Elbaz | C7: Mehdi | D7: 27540 | E7: 127 Rue d'Aubagne | F7: 13006.0 | G7: Marseille | H7: M
A8: 7 | B8: Traoré | C8: Soumaya | D8: 21797 | E8: 19 Rue Savorgnan de Brazza | F8: 13700.0 | G8: Marignane | H8: F
A9: 8 | B9: Casabianca | C9: Salma | D9: 18252 | E9: 2 Place Sadi-Carnot | F9: 13001.0 | G9: Marseille | H9: F
A10: 9 | B10: Bernard | C10: Rania | D10: 31738 | E10: 3 Quai Marceau | F10: 13500.0 | G10: Martigues | H10: F
A11: 10 | B11: Benkhelifa | C11: Beatriz | D11: 22922 | E11: 75 Cours Gambetta | F11: 13001.0 | G11: Marseille | H11: F
A12: 11 | B12: Perrot | C12: Javier | D12: 22010 | E12: 20 Traverse Montcault | F12: 13013.0 | G12: Marseille | H12: M
A13: 12 | B13: Diallo | C13: Noa | D13: 26932 | E13: 9 Parc Beaulieu | F13: 13700.0 | G13: Marignane | H13: F
... A1816: 1815 | B1816: Ricci | C1816: Armen | D1816: 18670 | E1816: 57 Cours Gambetta | F1816: 13001.0 | G1816: Marseille | H1816: M
A1817: 1816 | B1817: Papadopoulos | C1817: Hugo | D1817: 24123 | E1817: 2449 avenue du Capitaine Corvette Paul Brutus | G1817: Les Pennes-Mirabeau | H1817: M
A1818: 1817 | B1818: Garcia | C1818: Ahmed | D1818: 25613 | E1818: 9 Quai Poterne | F1818: 13500.0 | G1818: Martigues | H1818: M
A1819: 1818 | B1819: Bernard | C1819: Naïma | D1819: 17241 | E1819: 5 Place Sadi-Carnot | F1819: 13002.0 | G1819: Marseille | H1819: F
A1820: 1819 | B1820: Colonna | C1820: Beatriz | D1820: 33447 | E1820: 2 Impasse Olivier Messiaen | F1820: 13170.0 | G1820: Les Pennes-Mirabeau | H1820: F
A1821: 1820 | B1821: Silva | C1821: João | D1821: 34544 | E1821: 9B Rue Marius Reynaud | F1821: 13090.0 | G1821: Aix-en-Provence | H1821: M
A1822: 1821 | B1822: Martin | C1822: Raphaël | D1822: 20982 | E1822: 3 Boulevard Élysée Reclus | F1822: 13004.0 | G1822: Marseille | H1822: M
A1823: 1822 | B1823: Rossi | C1823: Rui | D1823: 34675 | E1823: 1 Plage de l'Estaque | F1823: 13016.0 | G1823: Marseille | H1823: M
A1824: 1823 | B1824: Saïdi | C1824: Manon | D1824: 29151 | E1824: 2 Rue Gabriel Sénac de Meilhan | F1824: 13001.0 | G1824: Marseille | H1824: F
A1825: 1824 | B1825: Fernandez | C1825: Fatima | D1825: 35203 | E1825: 11 Cours Voltaire | F1825: 13400.0 | G1825: Aubagne | H1825: F
A1826: 1825 | B1826: Ndiaye | C1826: Mathis | D1826: 32229 | E1826: 17 Rue Pastoret | F1826: 13006.0 | G1826: Marseille | H1826: M
A1827: 1826 | B1827: Colonna | C1827: Élise | D1827: 32288 | E1827: 76 Boulevard Frédéric Mistral | F1827: 13800.0 | G1827: Istres | H1827: F
A1828: 1827 | B1828: Ricci | C1828: Élise | D1828: 26904 | E1828: 11 Cours Gambetta | F1828: 13001.0 | G1828: Marseille | H1828: F
A1829: 1828 | B1829: Dubois | C1829: Antoine | D1829: 21935 | E1829: 818 L Audience Zi Secteur 81 | F1829: 13270.0 | G1829: Fos-sur-Mer | H1829: M
... A3001: 3000 | B3001: Traoré | C3001: Ibrahima | D3001: 23521 | E3001: 190 Avenue des Vallins | F3001: 13895.0 | G3001: Fos-sur-Mer | H3001: M

Sheet emplois
A1: id | B1: libellé | C1: catégorie | D1: rythme
A2: 1 | B2: Médecin généraliste hospitalier | C2: Médical | D2: jour; astreintes
A3: 2 | B3: Médecin anesthésiste-réanimateur | C3: Médical | D3: jour/nuit; astreintes
A4: 3 | B4: Médecin réanimateur médical | C4: Médical | D4: jour/nuit; astreintes
A5: 4 | B5: Chirurgien digestif | C5: Médical | D5: jour; astreintes; bloc
A6: 5 | B6: Chirurgien orthopédiste | C6: Médical | D6: jour; astreintes; bloc
A7: 6 | B7: Chirurgien viscéral | C7: Médical | D7: jour; astreintes; bloc
A8: 7 | B8: Chirurgien vasculaire | C8: Médical | D8: jour; astreintes; bloc
A9: 8 | B9: Neurochirurgien | C9: Médical | D9: jour; astreintes; bloc
A10: 9 | B10: Chirurgien cardiaque | C10: Médical | D10: jour; astreintes; bloc
A11: 10 | B11: Chirurgien ORL | C11: Médical | D11: jour; astreintes; bloc
A12: 11 | B12: Chirurgien maxillo-facial | C12: Médical | D12: jour; astreintes; bloc
A13: 12 | B13: Gynécologue-obstétricien | C13: Médical | D13: jour/nuit; astreintes; bloc
... A300: 299 | B300: Aide-soignant EHPAD | C300: Soins infirmiers | D300: jour/nuit

Sheet temps_du_2024_09
A1: mois | B1: id_pers | C1: id_contrat | D1: id_emploi | E1: id_temps | F1: plage_type | G1: start | H1: end | I1: duree_heures | J1: unite | K1: quota_source
A2: 45536 | B2: 4 | C2: 5 | D2: 216 | E2: 309 | F2: forfait | G2: 45537.375 | H2: 45537.708 | I2: 8.0 | J2: jours | K2: 10.53
A3: 45536 | B3: 4 | C3: 5 | D3: 216 | E3: 309 | F3: forfait | G3: 45538.375 | H3: 45538.708 | I3: 8.0 | J3: jours | K3: 10.53
A4: 45536 | B4: 4 | C4: 5 | D4: 216 | E4: 309 | F4: forfait | G4: 45539.375 | H4: 45539.708 | I4: 8.0 | J4: jours | K4: 10.53
A5: 45536 | B5: 4 | C5: 5 | D5: 216 | E5: 309 | F5: forfait | G5: 45540.375 | H5: 45540.708 | I5: 8.0 | J5: jours | K5: 10.53
A6: 45536 | B6: 4 | C6: 5 | D6: 216 | E6: 309 | F6: forfait | G6: 45541.375 | H6: 45541.708 | I6: 8.0 | J6: jours | K6: 10.53
A7: 45536 | B7: 4 | C7: 5 | D7: 216 | E7: 309 | F7: forfait | G7: 45544.375 | H7: 45544.708 | I7: 8.0 | J7: jours | K7: 10.53
A8: 45536 | B8: 4 | C8: 5 | D8: 216 | E8: 309 | F8: forfait | G8: 45545.375 | H8: 45545.708 | I8: 8.0 | J8: jours | K8: 10.53
A9: 45536 | B9: 4 | C9: 5 | D9: 216 | E9: 309 | F9: forfait | G9: 45546.375 | H9: 45546.708 | I9: 8.0 | J9: jours | K9: 10.53
A10: 45536 | B10: 4 | C10: 5 | D10: 216 | E10: 309 | F10: forfait | G10: 45547.375 | H10: 45547.708 | I10: 8.0 | J10: jours | K10: 10.53
A11: 45536 | B11: 4 | C11: 5 | D11: 216 | E11: 309 | F11: forfait | G11: 45548.375 | H11: 45548.708 | I11: 8.0 | J11: jours | K11: 10.53
A12: 45536 | B12: 4 | C12: 5 | D12: 216 | E12: 309 | F12: forfait | G12: 45565.375 | H12: 45565.55 | I12: 4.2 | J12: jours | K12: 10.53
A13: 45536 | B13: 6 | C13: 7 | D13: 286 | E13: 402 | F13: jour | G13: 45537.333 | H13: 45537.646 | I13: 7.5 | J13: heures | K13: 132.08
... A13912: 45536 | B13912: 3000 | C13912: 4450 | D13912: 43 | E13912: 87 | F13912: nuit | G13912: 45561.812 | H13912: 45563.316 | I13912: 36.08 | J13912: heures | K13912: 132.08

Sheet absences
A1: id | B1: id_contrat | C1: code | D1: debut | E1: fin | F1: jours_ouvres
A2: 1 | B2: 5 | C2: MAL | D2: 45572 | E2: 45578 | F2: 5
A3: 2 | B3: 5 | C3: MAL | D3: 45591 | E3: 45598 | F3: 4
A4: 3 | B4: 5 | C4: MAL | D4: 45756 | E4: 45762 | F4: 5
A5: 4 | B5: 5 | C5: MAL | D5: 45807 | E5: 45810 | F5: 2
A6: 5 | B6: 5 | C6: MAL | D6: 45816 | E6: 45819 | F6: 2
A7: 6 | B7: 7 | C7: MAL | D7: 45541 | E7: 45545 | F7: 3
A8: 7 | B8: 7 | C8: MAL | D8: 45603 | E8: 45606 | F8: 2
A9: 8 | B9: 7 | C9: MAL | D9: 45612 | E9: 45615 | F9: 2
A10: 9 | B10: 7 | C10: DECE | D10: 45697 | E10: 45700 | F10: 3
A11: 10 | B11: 7 | C11: DECE | D11: 45701 | E11: 45704 | F11: 2
A12: 11 | B12: 7 | C12: DEME | D12: 45725 | E12: 45726 | F12: 1
A13: 12 | B13: 7 | C13: DEME | D13: 45726 | E13: 45727 | F13: 2
... A2587: 2586 | B2587: 4450 | C2587: MAL | D2587: 45847 | E2587: 45852 | F2587: 3

Sheet absences_types
A1: id | B1: code | C1: libellé | D1: famille | E1: type | F1: autorisation préalable | G1: assurance
A2: 1 | B2: MAL | C2: Maladie | D2: Maladie | E2: Maladie | F2: non | G2: CPAM
A3: 2 | B3: LMAL | C3: Longue maladie | D3: Maladie | E3: Longue maladie | F3: non | G3: CPAM
A4: 3 | B4: AT | C4: Accident de travail | D4: Accidentologie | E4: Accident de travail | F4: non | G4: CPAM
A5: 4 | B5: ATR | C5: Accident de trajet | D5: Accidentologie | E5: Accident de trajet | F5: non | G5: CPAM
A6: 5 | B6: MPRO | C6: Maladie professionnelle | D6: Accidentologie | E6: Maladie professionnelle | F6: non | G6: CPAM
A7: 6 | B7: CEDU | C7: Congé parental d'éducation | D7: Parentalité | E7: Congés d'éducation | F7: oui | G7: CAF
A8: 7 | B8: CPAT | C8: Congé de paternité | D8: Parentalité | E8: Congés de paternité | F8: oui | G8: CPAM
A9: 8 | B9: HFEM | C9: Heure femme enceinte | D9: Parentalité | E9: Heure femme enceinte | F9: oui | G9: Aucune
A10: 9 | B10: MAT | C10: Congé maternité | D10: Parentalité | E10: Maternité | F10: oui | G10: CPAM
A11: 10 | B11: CPTH | C11: Congé pathologique maternité | D11: Parentalité | E11: Congés pathologiques | F11: oui | G11: CPAM
A12: 11 | B12: DECE | C12: Décès d'un proche | D12: Événements familiaux | E12: Décès | F12: oui | G12: Aucune
A13: 12 | B13: DEME | C13: Déménagement | D13: Événements familiaux | E13: Déménagement | F13: oui | G13: Aucune
... A24: 23 | B24: SERV | C24: Service national ou militaire | D24: Absences non payées | E24: État | F24: non | G24: État

Sheet Sheet3

Sheet Sheet2

Sheet Sheet1
